Date,Open,High,Low,Close,Volume,Currency
2013-09-24,0.34,0.34,0.34,0.34,5000,MYR
2013-09-25,0.35,0.35,0.35,0.35,5000,MYR
2013-09-26,0.4,0.4,0.4,0.4,2000,MYR
2013-09-27,0.4,0.4,0.4,0.4,12000,MYR
2013-10-02,0.395,0.395,0.395,0.395,5000,MYR
2013-10-03,0.395,0.395,0.395,0.395,12000,MYR
2013-10-07,0.395,0.4,0.395,0.395,17400,MYR
2013-10-10,0.45,0.45,0.45,0.45,10100,MYR
2013-10-30,0.44,0.44,0.44,0.44,100,MYR
2013-10-31,0.385,0.39,0.385,0.39,34600,MYR
2013-11-04,0.38,0.38,0.38,0.38,10000,MYR
2013-11-15,0.37,0.37,0.365,0.365,29900,MYR
2013-11-20,0.36,0.36,0.36,0.36,35000,MYR
2013-11-25,0.4,0.4,0.4,0.4,200,MYR
2013-11-27,0.355,0.355,0.355,0.355,5000,MYR
2013-11-28,0.36,0.36,0.36,0.36,3000,MYR
2013-11-29,0.36,0.36,0.36,0.36,5000,MYR
2013-12-02,0.34,0.36,0.34,0.36,20000,MYR
2013-12-10,0.355,0.42,0.35,0.42,172100,MYR
2013-12-12,0.36,0.36,0.355,0.36,29500,MYR
2013-12-17,0.35,0.355,0.35,0.355,137700,MYR
2013-12-18,0.35,0.35,0.35,0.35,20000,MYR
2013-12-19,0.35,0.35,0.35,0.35,100000,MYR
2013-12-20,0.35,0.35,0.35,0.35,50000,MYR
2013-12-24,0.355,0.355,0.355,0.355,60000,MYR
2013-12-26,0.35,0.355,0.35,0.355,110000,MYR
2013-12-27,0.355,0.36,0.355,0.36,90000,MYR
2013-12-30,0.36,0.37,0.36,0.37,95400,MYR
2013-12-31,0.36,0.36,0.355,0.355,22000,MYR
2014-01-02,0.355,0.36,0.355,0.36,70600,MYR
2014-01-03,0.365,0.365,0.365,0.365,20000,MYR
2014-01-06,0.355,0.355,0.355,0.355,45000,MYR
2014-01-07,0.355,0.355,0.355,0.355,57700,MYR
2014-01-08,0.37,0.37,0.36,0.37,41800,MYR
2014-01-09,0.36,0.36,0.36,0.36,10000,MYR
2014-01-10,0.37,0.5,0.365,0.5,52100,MYR
2014-01-13,0.375,0.43,0.375,0.39,197900,MYR
2014-01-16,0.385,0.385,0.37,0.37,36000,MYR
2014-01-21,0.355,0.355,0.355,0.355,5000,MYR
2014-01-22,0.36,0.36,0.36,0.36,20000,MYR
2014-01-23,0.355,0.355,0.35,0.35,23100,MYR
2014-01-24,0.35,0.355,0.35,0.355,35000,MYR
2014-01-27,0.35,0.35,0.35,0.35,118000,MYR
2014-02-04,0.35,0.35,0.35,0.35,104000,MYR
2014-02-13,0.36,0.36,0.35,0.35,23900,MYR
2014-02-17,0.35,0.35,0.35,0.35,23000,MYR
2014-02-18,0.35,0.36,0.35,0.36,7000,MYR
2014-02-20,0.35,0.35,0.35,0.35,10000,MYR
2014-02-21,0.355,0.355,0.355,0.355,27100,MYR
2014-02-25,0.36,0.36,0.36,0.36,15000,MYR
2014-03-07,0.335,0.36,0.335,0.36,29000,MYR
2014-03-17,0.36,0.36,0.36,0.36,50000,MYR
2014-03-18,0.36,0.395,0.36,0.395,41100,MYR
2014-03-20,0.4,0.405,0.4,0.405,82900,MYR
2014-03-21,0.385,0.385,0.385,0.385,15000,MYR
2014-03-24,0.385,0.42,0.37,0.42,155300,MYR
2014-03-27,0.38,0.405,0.375,0.38,112100,MYR
2014-03-28,0.375,0.375,0.375,0.375,20000,MYR
2014-04-01,0.37,0.38,0.37,0.37,20100,MYR
2014-04-03,0.37,0.37,0.37,0.37,10000,MYR
2014-04-04,0.375,0.375,0.375,0.375,12000,MYR
2014-04-07,0.365,0.365,0.365,0.365,4000,MYR
2014-04-08,0.37,0.4,0.37,0.4,52600,MYR
2014-04-09,0.38,0.38,0.38,0.38,10500,MYR
2014-04-11,0.375,0.41,0.37,0.375,78800,MYR
2014-04-14,0.4,0.4,0.4,0.4,1000,MYR
2014-04-15,0.375,0.375,0.375,0.375,8400,MYR
2014-04-17,0.38,0.38,0.38,0.38,36000,MYR
2014-04-21,0.38,0.38,0.38,0.38,30000,MYR
2014-04-22,0.39,0.39,0.39,0.39,5000,MYR
2014-04-23,0.385,0.385,0.38,0.38,60000,MYR
2014-04-25,0.395,0.395,0.395,0.395,22000,MYR
2014-04-28,0.385,0.41,0.385,0.39,212000,MYR
2014-04-29,0.385,0.385,0.38,0.38,83000,MYR
2014-05-05,0.38,0.38,0.38,0.38,81700,MYR
2014-05-06,0.38,0.42,0.38,0.42,5100,MYR
2014-05-07,0.4,0.4,0.38,0.38,4000,MYR
2014-05-08,0.38,0.38,0.38,0.38,34000,MYR
2014-05-09,0.39,0.39,0.39,0.39,3000,MYR
2014-05-12,0.39,0.39,0.38,0.38,13100,MYR
2014-05-19,0.385,0.385,0.385,0.385,1000,MYR
2014-05-23,0.38,0.38,0.38,0.38,7000,MYR
2014-05-26,0.385,0.385,0.385,0.385,17000,MYR
2014-05-30,0.395,0.395,0.38,0.38,20600,MYR
2014-06-02,0.38,0.395,0.38,0.395,51100,MYR
2014-06-03,0.38,0.395,0.37,0.39,81900,MYR
2014-06-04,0.38,0.38,0.38,0.38,20000,MYR
2014-06-05,0.385,0.39,0.38,0.39,61000,MYR
2014-06-06,0.39,0.395,0.385,0.385,30200,MYR
2014-06-09,0.41,0.41,0.385,0.39,154500,MYR
2014-06-10,0.39,0.405,0.39,0.395,194000,MYR
2014-06-11,0.4,0.45,0.395,0.425,449100,MYR
2014-06-12,0.415,0.43,0.41,0.415,122700,MYR
2014-06-13,0.425,0.51,0.425,0.455,1548600,MYR
2014-06-16,0.455,0.455,0.45,0.455,91000,MYR
2014-06-17,0.45,0.485,0.45,0.475,324100,MYR
2014-06-18,0.475,0.52,0.475,0.49,1212000,MYR
2014-06-19,0.49,0.49,0.48,0.48,105400,MYR
2014-06-20,0.47,0.495,0.465,0.485,264200,MYR
2014-06-23,0.485,0.485,0.46,0.48,100000,MYR
2014-06-24,0.475,0.485,0.465,0.48,288400,MYR
2014-06-25,0.475,0.475,0.46,0.47,160400,MYR
2014-06-26,0.46,0.46,0.45,0.455,123000,MYR
2014-06-27,0.455,0.48,0.455,0.48,141900,MYR
2014-06-30,0.48,0.48,0.465,0.465,185200,MYR
2014-07-01,0.46,0.46,0.45,0.45,112000,MYR
2014-07-02,0.45,0.46,0.44,0.46,106200,MYR
2014-07-03,0.455,0.455,0.445,0.445,217400,MYR
2014-07-04,0.45,0.465,0.45,0.465,194700,MYR
2014-07-07,0.475,0.475,0.46,0.46,49400,MYR
2014-07-08,0.46,0.46,0.45,0.455,57000,MYR
2014-07-09,0.455,0.455,0.45,0.45,60400,MYR
2014-07-10,0.45,0.45,0.45,0.45,19500,MYR
2014-07-11,0.445,0.46,0.445,0.46,16100,MYR
2014-07-14,0.45,0.45,0.445,0.445,18000,MYR
2014-07-16,0.44,0.45,0.44,0.45,20300,MYR
2014-07-17,0.45,0.48,0.45,0.48,220000,MYR
2014-07-18,0.48,0.48,0.47,0.48,67200,MYR
2014-07-21,0.48,0.535,0.47,0.535,1143400,MYR
2014-07-22,0.54,0.565,0.53,0.535,1685600,MYR
2014-07-23,0.54,0.54,0.51,0.525,46000,MYR
2014-07-24,0.505,0.51,0.49,0.5,246800,MYR
2014-07-25,0.495,0.495,0.49,0.49,73900,MYR
2014-07-30,0.515,0.52,0.495,0.52,171900,MYR
2014-07-31,0.515,0.515,0.5,0.5,57800,MYR
2014-08-01,0.49,0.535,0.49,0.535,221900,MYR
2014-08-04,0.53,0.54,0.52,0.54,162600,MYR
2014-08-05,0.525,0.53,0.51,0.525,18700,MYR
2014-08-06,0.51,0.51,0.505,0.505,29500,MYR
2014-08-07,0.505,0.525,0.505,0.525,113600,MYR
2014-08-08,0.51,0.52,0.5,0.52,213900,MYR
2014-08-11,0.51,0.51,0.5,0.5,35000,MYR
2014-08-12,0.515,0.54,0.505,0.515,871900,MYR
2014-08-13,0.515,0.52,0.515,0.52,41200,MYR
2014-08-14,0.51,0.515,0.505,0.51,97000,MYR
2014-08-15,0.5,0.5,0.495,0.495,50800,MYR
2014-08-18,0.5,0.53,0.495,0.525,324800,MYR
2014-08-19,0.515,0.525,0.505,0.51,372900,MYR
2014-08-20,0.515,0.56,0.515,0.555,1533500,MYR
2014-08-21,0.57,0.59,0.515,0.535,1923200,MYR
2014-08-22,0.53,0.53,0.515,0.515,58900,MYR
2014-08-25,0.51,0.515,0.5,0.505,70600,MYR
2014-08-26,0.505,0.505,0.495,0.5,238500,MYR
2014-08-27,0.505,0.51,0.49,0.51,271800,MYR
2014-08-28,0.51,0.51,0.49,0.505,101000,MYR
2014-08-29,0.485,0.485,0.48,0.48,37500,MYR
2014-09-02,0.475,0.485,0.45,0.485,102100,MYR
2014-09-03,0.47,0.48,0.46,0.48,267900,MYR
2014-09-04,0.47,0.48,0.47,0.48,105000,MYR
2014-09-05,0.48,0.485,0.48,0.485,78000,MYR
2014-09-08,0.475,0.49,0.475,0.49,10300,MYR
2014-09-09,0.48,0.495,0.47,0.495,83400,MYR
2014-09-10,0.5,0.5,0.48,0.49,22800,MYR
2014-09-12,0.48,0.48,0.48,0.48,23000,MYR
2014-09-15,0.475,0.485,0.475,0.485,28500,MYR
2014-09-17,0.48,0.48,0.48,0.48,10000,MYR
2014-09-19,0.465,0.48,0.455,0.455,24000,MYR
2014-09-22,0.46,0.48,0.455,0.47,107000,MYR
2014-09-23,0.47,0.47,0.47,0.47,15000,MYR
2014-09-24,0.47,0.495,0.47,0.495,22300,MYR
2014-09-26,0.49,0.49,0.49,0.49,10000,MYR
2014-09-29,0.495,0.515,0.48,0.495,80100,MYR
2014-09-30,0.49,0.495,0.49,0.495,3000,MYR
2014-10-02,0.48,0.48,0.475,0.475,10200,MYR
2014-10-03,0.47,0.515,0.46,0.515,20500,MYR
2014-10-07,0.485,0.485,0.47,0.48,31100,MYR
2014-10-08,0.46,0.46,0.455,0.455,16000,MYR
2014-10-10,0.46,0.46,0.45,0.45,26300,MYR
2014-10-13,0.445,0.46,0.44,0.46,22500,MYR
2014-10-14,0.44,0.465,0.42,0.465,41300,MYR
2014-10-16,0.46,0.46,0.46,0.46,2000,MYR
2014-10-20,0.43,0.43,0.43,0.43,5000,MYR
2014-10-21,0.48,0.48,0.48,0.48,500,MYR
2014-10-23,0.475,0.475,0.47,0.47,2000,MYR
2014-10-27,0.47,0.47,0.47,0.47,1400,MYR
2014-10-28,0.465,0.465,0.46,0.46,67500,MYR
2014-10-30,0.465,0.465,0.45,0.45,16600,MYR
2014-11-04,0.44,0.44,0.44,0.44,1000,MYR
2014-11-12,0.43,0.465,0.425,0.465,48100,MYR
2014-11-13,0.43,0.43,0.43,0.43,1000,MYR
2014-11-14,0.43,0.46,0.425,0.46,5100,MYR
2014-11-19,0.435,0.435,0.435,0.435,3900,MYR
2014-11-25,0.425,0.465,0.425,0.46,105300,MYR
2014-11-26,0.435,0.435,0.435,0.435,5000,MYR
2014-11-27,0.435,0.435,0.435,0.435,25000,MYR
2014-11-28,0.435,0.435,0.435,0.435,20000,MYR
2014-12-01,0.42,0.42,0.4,0.4,29800,MYR
2014-12-04,0.38,0.405,0.38,0.405,11300,MYR
2014-12-05,0.385,0.405,0.385,0.405,1000,MYR
2014-12-10,0.405,0.42,0.405,0.42,12200,MYR
2014-12-12,0.36,0.44,0.36,0.44,20300,MYR
2014-12-16,0.38,0.43,0.38,0.43,2100,MYR
2014-12-17,0.4,0.425,0.4,0.425,15500,MYR
2014-12-19,0.4,0.4,0.4,0.4,50000,MYR
2014-12-23,0.39,0.415,0.36,0.37,4500,MYR
2014-12-30,0.4,0.4,0.375,0.4,1900,MYR
2014-12-31,0.4,0.4,0.4,0.4,5700,MYR
2015-01-06,0.36,0.415,0.36,0.415,3500,MYR
2015-01-07,0.38,0.38,0.38,0.38,11000,MYR
2015-01-09,0.38,0.38,0.38,0.38,23200,MYR
2015-01-13,0.405,0.405,0.405,0.405,500,MYR
2015-01-19,0.405,0.405,0.405,0.405,2000,MYR
2015-01-21,0.38,0.41,0.38,0.41,62100,MYR
2015-01-22,0.385,0.415,0.385,0.415,9600,MYR
2015-01-23,0.41,0.415,0.41,0.415,19800,MYR
2015-01-29,0.41,0.41,0.41,0.41,4000,MYR
2015-01-30,0.39,0.39,0.385,0.385,10000,MYR
2015-02-06,0.385,0.44,0.385,0.44,2200,MYR
2015-02-11,0.385,0.385,0.385,0.385,5300,MYR
2015-02-12,0.39,0.39,0.39,0.39,6500,MYR
2015-02-13,0.39,0.39,0.39,0.39,5500,MYR
2015-02-18,0.44,0.44,0.44,0.44,300,MYR
2015-02-23,0.44,0.44,0.435,0.435,97000,MYR
2015-02-24,0.445,0.445,0.445,0.445,5700,MYR
2015-03-02,0.425,0.45,0.415,0.45,12500,MYR
2015-03-03,0.415,0.45,0.415,0.45,1500,MYR
2015-03-04,0.45,0.45,0.45,0.45,17000,MYR
2015-03-05,0.435,0.47,0.435,0.47,10100,MYR
2015-03-09,0.425,0.46,0.425,0.46,15000,MYR
2015-03-10,0.425,0.43,0.425,0.43,6500,MYR
2015-03-11,0.425,0.475,0.425,0.475,15100,MYR
2015-03-13,0.44,0.44,0.44,0.44,3000,MYR
2015-03-18,0.425,0.425,0.425,0.425,9000,MYR
2015-03-19,0.435,0.48,0.42,0.48,85300,MYR
2015-03-20,0.46,0.46,0.43,0.43,3000,MYR
2015-03-24,0.425,0.425,0.42,0.42,10300,MYR
2015-03-25,0.425,0.425,0.425,0.425,1000,MYR
2015-03-31,0.43,0.435,0.43,0.435,40100,MYR
2015-04-01,0.425,0.425,0.42,0.42,30000,MYR
2015-04-02,0.42,0.42,0.42,0.42,10000,MYR
2015-04-06,0.425,0.48,0.425,0.48,15100,MYR
2015-04-07,0.43,0.43,0.43,0.43,39900,MYR
2015-04-08,0.43,0.43,0.43,0.43,5000,MYR
2015-04-09,0.43,0.43,0.42,0.42,20000,MYR
2015-04-10,0.42,0.42,0.42,0.42,26900,MYR
2015-04-13,0.42,0.44,0.415,0.44,64600,MYR
2015-04-14,0.42,0.42,0.42,0.42,30000,MYR
2015-04-16,0.42,0.42,0.42,0.42,10000,MYR
2015-04-17,0.42,0.48,0.42,0.48,107500,MYR
2015-04-22,0.425,0.47,0.415,0.47,40100,MYR
2015-04-29,0.43,0.43,0.43,0.43,22000,MYR
2015-05-05,0.425,0.48,0.425,0.48,11000,MYR
2015-05-07,0.475,0.475,0.475,0.475,10000,MYR
2015-05-27,0.415,0.47,0.415,0.47,4700,MYR
2015-05-28,0.47,0.47,0.47,0.47,600,MYR
2015-06-08,0.42,0.46,0.42,0.46,15100,MYR
2015-06-15,0.4,0.405,0.4,0.4,46900,MYR
2015-06-16,0.39,0.39,0.39,0.39,2000,MYR
2015-06-18,0.38,0.395,0.38,0.395,30200,MYR
2015-06-22,0.4,0.4,0.4,0.4,122200,MYR
2015-06-29,0.44,0.44,0.41,0.41,40700,MYR
2015-07-01,0.4,0.41,0.4,0.41,7000,MYR
2015-07-03,0.445,0.445,0.425,0.425,20000,MYR
2015-07-08,0.39,0.4,0.39,0.39,20000,MYR
2015-07-16,0.41,0.41,0.41,0.41,5000,MYR
2015-07-20,0.43,0.45,0.43,0.45,10000,MYR
2015-07-23,0.445,0.445,0.44,0.44,12100,MYR
2015-07-24,0.42,0.42,0.405,0.405,50000,MYR
2015-07-28,0.435,0.435,0.415,0.415,21000,MYR
2015-07-29,0.415,0.415,0.415,0.415,16000,MYR
2015-07-30,0.415,0.415,0.415,0.415,2000,MYR
2015-08-13,0.38,0.4,0.37,0.375,73200,MYR
2015-08-14,0.39,0.4,0.375,0.375,90700,MYR
2015-08-17,0.37,0.395,0.37,0.39,48200,MYR
2015-08-20,0.365,0.365,0.365,0.365,10000,MYR
2015-08-21,0.375,0.375,0.375,0.375,10000,MYR
2015-08-24,0.37,0.37,0.37,0.37,21300,MYR
2015-08-25,0.37,0.37,0.37,0.37,20900,MYR
2015-09-01,0.36,0.36,0.36,0.36,28100,MYR
2015-09-02,0.37,0.4,0.37,0.4,400,MYR
2015-09-07,0.36,0.36,0.36,0.36,2000,MYR
2015-09-08,0.37,0.37,0.37,0.37,2000,MYR
2015-09-09,0.37,0.4,0.37,0.4,9100,MYR
2015-09-10,0.385,0.385,0.385,0.385,200,MYR
2015-09-11,0.38,0.38,0.38,0.38,8800,MYR
2015-09-17,0.445,0.445,0.445,0.445,100,MYR
2015-09-18,0.445,0.445,0.445,0.445,2300,MYR
2015-10-01,0.44,0.445,0.44,0.445,30700,MYR
2015-10-02,0.435,0.45,0.435,0.45,4900,MYR
2015-10-05,0.45,0.45,0.43,0.43,158000,MYR
2015-10-06,0.435,0.495,0.435,0.455,72000,MYR
2015-10-07,0.47,0.48,0.47,0.48,50000,MYR
2015-10-08,0.46,0.48,0.46,0.465,68300,MYR
2015-10-09,0.475,0.485,0.475,0.485,166100,MYR
2015-10-12,0.47,0.485,0.47,0.485,41900,MYR
2015-10-13,0.47,0.47,0.465,0.47,40700,MYR
2015-10-15,0.48,0.53,0.475,0.52,335000,MYR
2015-10-16,0.51,0.54,0.505,0.54,456400,MYR
2015-10-19,0.54,0.545,0.52,0.545,161800,MYR
2015-10-20,0.491,0.491,0.468,0.482,68750,MYR
2015-10-21,0.482,0.482,0.482,0.482,72600,MYR
2015-10-22,0.486,0.486,0.486,0.486,1100,MYR
2015-10-23,0.491,0.527,0.482,0.523,747010,MYR
2015-10-26,0.532,0.55,0.532,0.532,688490,MYR
2015-10-27,0.527,0.527,0.491,0.514,101090,MYR
2015-10-28,0.504,0.509,0.5,0.5,55000,MYR
2015-10-29,0.482,0.527,0.482,0.495,164780,MYR
2015-10-30,0.495,0.504,0.491,0.504,282480,MYR
2015-11-02,0.5,0.5,0.491,0.5,313280,MYR
2015-11-03,0.504,0.509,0.5,0.5,286110,MYR
2015-11-04,0.5,0.509,0.5,0.504,223080,MYR
2015-11-05,0.5,0.504,0.486,0.504,137720,MYR
2015-11-06,0.491,0.527,0.491,0.527,166320,MYR
2015-11-09,0.527,0.527,0.509,0.527,85030,MYR
2015-11-11,0.518,0.518,0.509,0.509,40700,MYR
2015-11-12,0.518,0.636,0.509,0.632,1286010,MYR
2015-11-13,0.632,0.632,0.605,0.627,817960,MYR
2015-11-16,0.623,0.736,0.623,0.636,4134900,MYR
2015-11-17,0.65,0.668,0.618,0.645,1040490,MYR
2015-11-18,0.618,0.627,0.605,0.605,285010,MYR
2015-11-19,0.586,0.641,0.586,0.636,580360,MYR
2015-11-20,0.645,0.659,0.618,0.636,325270,MYR
2015-11-23,0.636,0.664,0.636,0.645,671770,MYR
2015-11-24,0.627,0.636,0.623,0.627,295570,MYR
2015-11-25,0.618,0.618,0.596,0.605,317460,MYR
2015-11-26,0.605,0.605,0.577,0.582,85690,MYR
2015-11-27,0.582,0.582,0.554,0.582,206690,MYR
2015-11-30,0.582,0.591,0.55,0.573,228470,MYR
2015-12-01,0.573,0.586,0.55,0.586,63470,MYR
2015-12-02,0.577,0.582,0.573,0.582,136290,MYR
2015-12-03,0.591,0.668,0.591,0.659,914100,MYR
2015-12-04,0.659,0.664,0.645,0.645,110110,MYR
2015-12-07,0.654,0.664,0.645,0.65,217360,MYR
2015-12-08,0.654,0.654,0.641,0.65,62700,MYR
2015-12-09,0.65,0.65,0.641,0.65,253330,MYR
2015-12-10,0.636,0.645,0.632,0.645,149380,MYR
2015-12-11,0.632,0.641,0.614,0.618,102300,MYR
2015-12-14,0.6,0.6,0.6,0.6,39600,MYR
2015-12-15,0.6,0.618,0.586,0.618,66110,MYR
2015-12-16,0.609,0.609,0.605,0.605,15400,MYR
2015-12-17,0.696,0.741,0.686,0.723,2607770,MYR
2015-12-18,0.727,0.727,0.705,0.718,463210,MYR
2015-12-21,0.7,0.759,0.7,0.718,1587190,MYR
2015-12-22,0.723,0.754,0.723,0.746,957990,MYR
2015-12-23,0.746,0.75,0.723,0.727,726550,MYR
2015-12-28,0.727,0.782,0.714,0.777,1746470,MYR
2015-12-29,0.786,0.868,0.786,0.841,3496240,MYR
2015-12-30,0.846,0.864,0.814,0.818,979990,MYR
2015-12-31,0.823,0.827,0.795,0.804,418880,MYR
2016-01-04,0.804,0.846,0.804,0.818,1177550,MYR
2016-01-05,0.827,0.927,0.827,0.927,5179569,MYR
2016-01-06,0.918,0.982,0.918,0.973,1944140,MYR
2016-01-07,0.964,0.964,0.909,0.927,1092190,MYR
2016-01-08,0.909,1.082,0.891,1.082,2513500,MYR
2016-01-11,1.054,1.073,1.027,1.054,992970,MYR
2016-01-12,1.054,1.173,1.054,1.118,1856800,MYR
2016-01-13,1.155,1.173,1.127,1.155,1010570,MYR
2016-01-14,1.145,1.145,1.073,1.109,756360,MYR
2016-01-15,1.127,1.127,1.0,1.036,788700,MYR
2016-01-18,0.991,1.0,0.909,1.0,2177890,MYR
2016-01-19,1.009,1.091,1.009,1.064,1424830,MYR
2016-01-20,1.073,1.073,0.927,0.936,1509310,MYR
2016-01-21,0.946,0.982,0.895,0.936,1526910,MYR
2016-01-22,0.964,0.991,0.936,0.982,1300310,MYR
2016-01-26,0.955,0.955,0.909,0.909,689040,MYR
2016-01-27,0.955,0.964,0.909,0.909,541200,MYR
2016-01-28,0.909,0.909,0.836,0.85,1054790,MYR
2016-01-29,0.855,0.882,0.846,0.877,756690,MYR
2016-02-02,0.868,0.868,0.832,0.832,487300,MYR
2016-02-03,0.827,0.859,0.814,0.836,681340,MYR
2016-02-04,0.836,0.927,0.836,0.918,1554740,MYR
2016-02-05,0.927,0.973,0.918,0.918,945450,MYR
2016-02-10,0.927,0.927,0.877,0.904,105930,MYR
2016-02-11,0.9,0.9,0.882,0.895,104390,MYR
2016-02-12,0.882,0.882,0.836,0.841,473660,MYR
2016-02-15,0.85,0.859,0.846,0.846,251020,MYR
2016-02-16,0.859,0.9,0.859,0.9,404360,MYR
2016-02-17,0.904,0.936,0.895,0.9,496650,MYR
2016-02-18,0.904,0.927,0.882,0.909,426800,MYR
2016-02-19,0.904,0.909,0.891,0.909,270820,MYR
2016-02-22,0.909,1.018,0.909,1.0,2143900,MYR
2016-02-23,1.027,1.027,0.964,0.973,1216600,MYR
2016-02-24,0.973,0.973,0.918,0.964,373560,MYR
2016-02-25,0.946,0.946,0.909,0.927,240240,MYR
2016-02-26,0.936,0.936,0.882,0.909,426910,MYR
2016-02-29,0.904,0.904,0.868,0.882,272800,MYR
2016-03-01,0.873,0.927,0.868,0.927,478060,MYR
2016-03-02,0.946,0.973,0.918,0.927,689150,MYR
2016-03-03,0.927,0.955,0.9,0.909,274890,MYR
2016-03-04,0.904,0.918,0.886,0.9,111430,MYR
2016-03-07,0.895,0.895,0.855,0.855,535700,MYR
2016-03-08,0.836,0.846,0.777,0.804,901120,MYR
2016-03-09,0.818,0.846,0.818,0.827,504130,MYR
2016-03-10,0.818,0.832,0.818,0.818,168630,MYR
2016-03-11,0.827,0.868,0.818,0.85,560670,MYR
2016-03-14,0.859,0.882,0.859,0.868,323290,MYR
2016-03-15,0.864,0.877,0.859,0.873,213950,MYR
2016-03-16,0.873,0.873,0.85,0.864,80080,MYR
2016-03-17,0.927,0.936,0.886,0.9,793540,MYR
2016-03-18,0.904,0.909,0.882,0.9,233640,MYR
2016-03-21,0.9,0.9,0.886,0.886,42680,MYR
2016-03-22,0.882,0.882,0.864,0.882,252230,MYR
2016-03-23,0.882,0.886,0.864,0.877,143880,MYR
2016-03-24,0.877,0.877,0.855,0.877,154550,MYR
2016-03-25,0.859,0.859,0.85,0.85,45320,MYR
2016-03-28,0.859,0.859,0.841,0.855,86350,MYR
2016-03-29,0.846,0.85,0.846,0.846,28160,MYR
2016-03-30,0.836,0.864,0.827,0.864,90420,MYR
2016-03-31,0.846,0.859,0.846,0.846,42790,MYR
2016-04-01,0.855,0.855,0.827,0.832,73700,MYR
2016-04-04,0.836,0.841,0.832,0.836,44000,MYR
2016-04-05,0.832,0.836,0.823,0.832,147840,MYR
2016-04-06,0.832,0.832,0.823,0.823,35750,MYR
2016-04-07,0.827,0.846,0.827,0.836,187660,MYR
2016-04-08,0.846,0.85,0.836,0.841,145310,MYR
2016-04-11,0.836,0.836,0.8,0.823,256190,MYR
2016-04-12,0.818,0.827,0.818,0.827,49500,MYR
2016-04-13,0.832,0.841,0.823,0.823,128040,MYR
2016-04-14,0.827,0.827,0.818,0.818,83710,MYR
2016-04-15,0.818,0.823,0.818,0.818,88770,MYR
2016-04-18,0.818,0.827,0.814,0.814,143000,MYR
2016-04-19,0.814,0.818,0.809,0.809,84260,MYR
2016-04-20,0.832,0.841,0.818,0.818,55000,MYR
2016-04-21,0.818,0.859,0.818,0.859,436920,MYR
2016-04-22,0.864,0.886,0.864,0.877,1070520,MYR
2016-04-25,0.891,0.895,0.882,0.882,489170,MYR
2016-04-26,0.877,0.886,0.823,0.855,179080,MYR
2016-04-27,0.823,0.846,0.823,0.846,105600,MYR
2016-04-28,0.846,0.855,0.832,0.832,166100,MYR
2016-04-29,0.818,0.846,0.818,0.846,138600,MYR
2016-05-03,0.859,0.859,0.827,0.827,13090,MYR
2016-05-04,0.846,0.855,0.846,0.846,35860,MYR
2016-05-05,0.832,0.832,0.832,0.832,24640,MYR
2016-05-06,0.836,0.846,0.836,0.841,104830,MYR
2016-05-09,0.836,0.841,0.836,0.841,25850,MYR
2016-05-10,0.832,0.841,0.827,0.836,78980,MYR
2016-05-11,0.836,0.841,0.836,0.836,63360,MYR
2016-05-12,0.832,0.832,0.823,0.827,44000,MYR
2016-05-13,0.832,0.832,0.818,0.827,142450,MYR
2016-05-16,0.827,0.832,0.827,0.827,116600,MYR
2016-05-17,0.818,0.818,0.814,0.818,51700,MYR
2016-05-18,0.818,0.827,0.809,0.818,65780,MYR
2016-05-19,0.804,0.855,0.8,0.855,174570,MYR
2016-05-20,0.818,0.836,0.818,0.827,46750,MYR
2016-05-23,0.841,0.855,0.832,0.855,80740,MYR
2016-05-24,0.841,0.855,0.841,0.841,117810,MYR
2016-05-25,0.841,0.85,0.841,0.85,46420,MYR
2016-05-26,0.846,0.904,0.846,0.904,1354320,MYR
2016-05-27,0.936,0.964,0.918,0.918,2184050,MYR
2016-05-30,0.909,0.909,0.873,0.873,286330,MYR
2016-05-31,0.864,0.895,0.864,0.882,123750,MYR
2016-06-01,0.873,0.882,0.873,0.882,128150,MYR
2016-06-02,0.877,0.946,0.877,0.895,681450,MYR
2016-06-03,0.886,0.895,0.877,0.895,150370,MYR
2016-06-06,0.886,0.936,0.886,0.927,440660,MYR
2016-06-07,0.936,1.027,0.936,1.0,3519780,MYR
2016-06-08,1.018,1.054,0.973,0.991,1982640,MYR
2016-06-09,0.991,1.046,0.964,1.046,1260270,MYR
2016-06-10,1.036,1.091,1.009,1.054,1299650,MYR
2016-06-13,1.054,1.082,1.027,1.027,750750,MYR
2016-06-14,1.036,1.036,1.0,1.018,427570,MYR
2016-06-15,1.018,1.073,1.018,1.073,472450,MYR
2016-06-16,1.073,1.1,1.027,1.036,1376100,MYR
2016-06-17,1.046,1.054,1.009,1.027,363220,MYR
2016-06-20,1.046,1.073,1.018,1.064,450890,MYR
2016-06-21,1.054,1.064,1.018,1.027,228470,MYR
2016-06-23,1.027,1.027,0.927,0.927,1082730,MYR
2016-06-24,0.927,0.927,0.827,0.895,978230,MYR
2016-06-27,0.791,0.804,0.736,0.786,2395690,MYR
2016-06-28,0.786,0.836,0.777,0.827,1430330,MYR
2016-06-29,0.827,0.827,0.791,0.8,638880,MYR
2016-06-30,0.795,0.814,0.791,0.791,235070,MYR
2016-07-01,0.786,0.791,0.777,0.777,237930,MYR
2016-07-04,0.773,0.782,0.768,0.768,230120,MYR
2016-07-05,0.777,0.777,0.773,0.773,88550,MYR
2016-07-08,0.768,0.773,0.764,0.773,174020,MYR
2016-07-11,0.773,0.773,0.768,0.768,51920,MYR
2016-07-12,0.768,0.773,0.764,0.768,168300,MYR
2016-07-13,0.768,0.773,0.764,0.773,106040,MYR
2016-07-14,0.782,0.795,0.777,0.791,71610,MYR
2016-07-15,0.8,0.846,0.8,0.832,429880,MYR
2016-07-18,0.827,0.855,0.818,0.818,494450,MYR
2016-07-19,0.818,0.836,0.818,0.827,84150,MYR
2016-07-20,0.827,0.841,0.823,0.836,164780,MYR
2016-07-21,0.836,0.836,0.795,0.8,171600,MYR
2016-07-22,0.804,0.809,0.782,0.786,95150,MYR
2016-07-25,0.782,0.791,0.782,0.782,138710,MYR
2016-07-26,0.777,0.791,0.777,0.777,57200,MYR
2016-07-27,0.786,0.809,0.786,0.8,50160,MYR
2016-07-28,0.782,0.795,0.777,0.795,34320,MYR
2016-07-29,0.777,0.782,0.773,0.782,71390,MYR
2016-08-01,0.773,0.777,0.773,0.773,54780,MYR
2016-08-02,0.773,0.773,0.773,0.773,25300,MYR
2016-08-03,0.764,0.795,0.764,0.782,139810,MYR
2016-08-04,0.782,0.782,0.773,0.773,93280,MYR
2016-08-05,0.773,0.773,0.764,0.764,35640,MYR
2016-08-08,0.764,0.773,0.764,0.773,17820,MYR
2016-08-09,0.791,0.791,0.786,0.786,8800,MYR
2016-08-10,0.773,0.782,0.773,0.773,51480,MYR
2016-08-11,0.773,0.773,0.768,0.773,104610,MYR
2016-08-15,0.768,0.768,0.764,0.764,51700,MYR
2016-08-16,0.764,0.773,0.764,0.768,69960,MYR
2016-08-18,0.759,0.764,0.759,0.764,30580,MYR
2016-08-19,0.764,0.764,0.759,0.759,60500,MYR
2016-08-22,0.768,0.768,0.754,0.764,20900,MYR
2016-08-23,0.746,0.75,0.741,0.75,47300,MYR
2016-08-24,0.736,0.741,0.732,0.732,53900,MYR
2016-08-25,0.727,0.727,0.709,0.718,45540,MYR
2016-08-26,0.718,0.718,0.709,0.709,120230,MYR
2016-08-30,0.732,0.736,0.727,0.736,79200,MYR
2016-09-01,0.741,0.741,0.723,0.723,31900,MYR
2016-09-02,0.723,0.723,0.714,0.714,56430,MYR
2016-09-05,0.718,0.727,0.718,0.727,64900,MYR
2016-09-06,0.718,0.727,0.718,0.727,22000,MYR
2016-09-07,0.723,0.723,0.709,0.709,20680,MYR
2016-09-08,0.714,0.768,0.714,0.768,390280,MYR
2016-09-09,0.773,0.773,0.764,0.768,82500,MYR
2016-09-13,0.754,0.754,0.741,0.741,66220,MYR
2016-09-14,0.741,0.75,0.723,0.75,38610,MYR
2016-09-15,0.732,0.759,0.732,0.746,80300,MYR
2016-09-19,0.746,0.746,0.741,0.746,8800,MYR
2016-09-20,0.768,0.768,0.732,0.746,41910,MYR
2016-09-21,0.741,0.741,0.736,0.736,40700,MYR
2016-09-22,0.764,0.773,0.754,0.759,62260,MYR
2016-09-26,0.754,0.754,0.75,0.75,40040,MYR
2016-09-27,0.746,0.75,0.736,0.736,37290,MYR
2016-09-28,0.741,0.741,0.741,0.741,105600,MYR
2016-09-29,0.741,0.741,0.714,0.741,80960,MYR
2016-09-30,0.741,0.741,0.718,0.718,11000,MYR
2016-10-04,0.709,0.718,0.705,0.718,102080,MYR
2016-10-05,0.709,0.709,0.705,0.705,54340,MYR
2016-10-06,0.7,0.714,0.7,0.714,21010,MYR
2016-10-07,0.7,0.714,0.7,0.714,40150,MYR
2016-10-10,0.691,0.696,0.691,0.696,16500,MYR
2016-10-11,0.718,0.718,0.691,0.691,32010,MYR
2016-10-12,0.696,0.7,0.691,0.696,60280,MYR
2016-10-13,0.727,0.727,0.691,0.691,13200,MYR
2016-10-14,0.709,0.709,0.709,0.709,220,MYR
2016-10-17,0.709,0.768,0.709,0.727,83600,MYR
2016-10-18,0.732,0.732,0.732,0.732,41470,MYR
2016-10-19,0.741,0.75,0.741,0.75,83490,MYR
2016-10-20,0.736,0.75,0.727,0.727,11660,MYR
2016-10-21,0.727,0.746,0.727,0.746,15510,MYR
2016-10-24,0.746,0.746,0.736,0.736,11000,MYR
2016-10-25,0.727,0.736,0.727,0.736,27830,MYR
2016-10-26,0.727,0.727,0.723,0.723,12100,MYR
2016-10-27,0.709,0.709,0.709,0.709,5500,MYR
2016-10-28,0.705,0.705,0.691,0.691,42680,MYR
2016-10-31,0.673,0.691,0.664,0.673,65450,MYR
2016-11-01,0.673,0.673,0.668,0.668,81950,MYR
2016-11-02,0.664,0.668,0.65,0.654,64900,MYR
2016-11-03,0.654,0.654,0.654,0.654,3300,MYR
2016-11-04,0.654,0.654,0.654,0.654,4400,MYR
2016-11-07,0.659,0.668,0.659,0.668,47300,MYR
2016-11-08,0.654,0.654,0.65,0.65,16500,MYR
2016-11-09,0.654,0.718,0.65,0.65,39600,MYR
2016-11-10,0.664,0.664,0.664,0.664,11000,MYR
2016-11-15,0.664,0.664,0.664,0.664,11000,MYR
2016-11-18,0.664,0.746,0.664,0.736,130680,MYR
2016-11-21,0.723,0.723,0.673,0.673,20130,MYR
2016-11-22,0.659,0.668,0.659,0.668,4840,MYR
2016-11-23,0.668,0.668,0.668,0.668,5500,MYR
2016-11-24,0.664,0.664,0.659,0.659,26400,MYR
2016-11-25,0.659,0.682,0.659,0.682,19690,MYR
2016-11-28,0.682,0.682,0.682,0.682,5500,MYR
2016-11-29,0.673,0.673,0.673,0.673,37180,MYR
2016-12-02,0.682,0.682,0.673,0.673,60500,MYR
2016-12-05,0.673,0.673,0.668,0.668,16500,MYR
2016-12-06,0.673,0.677,0.668,0.677,27170,MYR
2016-12-08,0.677,0.677,0.668,0.668,21450,MYR
2016-12-09,0.668,0.682,0.668,0.682,35420,MYR
2016-12-13,0.677,0.677,0.677,0.677,16500,MYR
2016-12-16,0.677,0.677,0.677,0.677,5500,MYR
2016-12-19,0.673,0.673,0.664,0.664,58300,MYR
2016-12-20,0.659,0.659,0.659,0.659,3300,MYR
2016-12-21,0.654,0.654,0.645,0.65,22000,MYR
2016-12-22,0.641,0.641,0.636,0.636,8800,MYR
2016-12-23,0.636,0.636,0.636,0.636,36300,MYR
2016-12-27,0.641,0.677,0.641,0.677,16500,MYR
2016-12-28,0.645,0.645,0.636,0.636,17600,MYR
2016-12-29,0.636,0.664,0.636,0.664,5610,MYR
2016-12-30,0.636,0.636,0.627,0.627,27500,MYR
2017-01-04,0.636,0.668,0.636,0.668,16610,MYR
2017-01-05,0.636,0.659,0.636,0.659,35750,MYR
2017-01-06,0.641,0.668,0.641,0.645,76560,MYR
2017-01-09,0.641,0.645,0.641,0.645,16500,MYR
2017-01-11,0.645,0.645,0.645,0.645,34100,MYR
2017-01-12,0.645,0.673,0.645,0.65,16500,MYR
2017-01-16,0.645,0.645,0.641,0.641,27500,MYR
2017-01-17,0.641,0.641,0.641,0.641,22660,MYR
2017-01-19,0.641,0.641,0.636,0.636,14300,MYR
2017-01-20,0.641,0.641,0.641,0.641,44000,MYR
2017-01-23,0.636,0.636,0.636,0.636,32450,MYR
2017-01-24,0.636,0.65,0.636,0.65,13200,MYR
2017-01-25,0.645,0.654,0.645,0.654,23540,MYR
2017-01-26,0.654,0.664,0.654,0.664,21890,MYR
2017-02-02,0.673,0.673,0.673,0.673,5500,MYR
2017-02-03,0.682,0.682,0.673,0.673,12100,MYR
2017-02-06,0.673,0.673,0.668,0.668,13200,MYR
2017-02-07,0.682,0.691,0.682,0.691,27610,MYR
2017-02-08,0.691,0.736,0.691,0.727,197780,MYR
2017-02-10,0.75,0.75,0.723,0.723,23100,MYR
2017-02-13,0.718,0.718,0.718,0.718,11000,MYR
2017-02-14,0.727,0.727,0.714,0.714,33000,MYR
2017-02-15,0.7,0.727,0.7,0.7,38720,MYR
2017-02-16,0.7,0.7,0.691,0.7,42350,MYR
2017-02-17,0.7,0.7,0.691,0.691,9900,MYR
2017-02-21,0.691,0.691,0.686,0.686,39600,MYR
2017-02-22,0.696,0.696,0.686,0.686,49500,MYR
2017-02-23,0.696,0.718,0.696,0.705,20790,MYR
2017-02-24,0.705,0.705,0.7,0.7,48400,MYR
2017-02-27,0.7,0.709,0.7,0.709,77550,MYR
2017-02-28,0.709,0.714,0.709,0.709,47850,MYR
2017-03-01,0.709,0.727,0.709,0.727,49500,MYR
2017-03-02,0.727,0.746,0.727,0.746,68970,MYR
2017-03-03,0.714,0.727,0.714,0.723,17600,MYR
2017-03-07,0.723,0.727,0.723,0.727,64460,MYR
2017-03-08,0.727,0.764,0.727,0.764,107360,MYR
2017-03-09,0.764,0.782,0.754,0.773,113300,MYR
2017-03-10,0.764,0.764,0.754,0.754,24530,MYR
2017-03-13,0.768,0.768,0.75,0.754,92290,MYR
2017-03-14,0.777,0.791,0.759,0.773,71940,MYR
2017-03-16,0.786,0.791,0.786,0.786,6600,MYR
2017-03-17,0.786,0.786,0.75,0.75,91520,MYR
2017-03-20,0.727,0.727,0.696,0.709,471680,MYR
2017-03-21,0.696,0.709,0.696,0.709,20020,MYR
2017-03-22,0.696,0.696,0.696,0.696,19800,MYR
2017-03-23,0.691,0.691,0.673,0.673,181830,MYR
2017-03-24,0.673,0.673,0.664,0.664,62700,MYR
2017-03-27,0.682,0.727,0.682,0.686,48730,MYR
2017-03-28,0.677,0.691,0.677,0.691,20020,MYR
2017-03-30,0.664,0.696,0.664,0.696,22110,MYR
2017-03-31,0.673,0.673,0.673,0.673,1100,MYR
2017-04-03,0.668,0.668,0.668,0.668,11000,MYR
2017-04-04,0.673,0.677,0.673,0.677,30800,MYR
2017-04-05,0.673,0.677,0.673,0.673,67980,MYR
2017-04-06,0.673,0.673,0.668,0.673,66000,MYR
2017-04-07,0.673,0.677,0.673,0.677,41470,MYR
2017-04-10,0.686,0.696,0.673,0.696,78430,MYR
2017-04-13,0.677,0.677,0.673,0.677,45980,MYR
2017-04-14,0.673,0.673,0.668,0.668,25190,MYR
2017-04-17,0.668,0.673,0.668,0.673,14300,MYR
2017-04-19,0.664,0.664,0.664,0.664,11000,MYR
2017-04-21,0.677,0.677,0.677,0.677,5610,MYR
2017-04-25,0.682,0.682,0.673,0.677,30250,MYR
2017-04-26,0.677,0.682,0.677,0.682,25960,MYR
2017-04-28,0.7,0.7,0.691,0.696,23210,MYR
2017-05-02,0.677,0.677,0.677,0.677,5500,MYR
2017-05-03,0.677,0.682,0.645,0.673,122210,MYR
2017-05-04,0.673,0.673,0.664,0.664,19800,MYR
2017-05-05,0.664,0.682,0.659,0.682,45100,MYR
2017-05-09,0.673,0.673,0.673,0.673,30800,MYR
2017-05-11,0.673,0.682,0.673,0.682,60610,MYR
2017-05-16,0.691,0.696,0.659,0.691,45320,MYR
2017-05-17,0.682,0.686,0.677,0.682,46200,MYR
2017-05-18,0.664,0.664,0.654,0.664,25300,MYR
2017-05-19,0.673,0.682,0.673,0.673,39380,MYR
2017-05-22,0.664,0.664,0.659,0.659,93500,MYR
2017-05-23,0.664,0.664,0.659,0.659,32450,MYR
2017-05-25,0.668,0.668,0.668,0.668,8800,MYR
2017-05-26,0.654,0.659,0.654,0.659,64900,MYR
2017-05-30,0.65,0.65,0.636,0.636,72050,MYR
2017-05-31,0.636,0.636,0.627,0.627,229350,MYR
2017-06-06,0.627,0.627,0.627,0.627,38500,MYR
2017-06-07,0.627,0.654,0.627,0.654,37840,MYR
2017-06-08,0.65,0.65,0.65,0.65,4950,MYR
2017-06-09,0.664,0.664,0.645,0.645,17600,MYR
2017-06-13,0.65,0.65,0.65,0.65,5500,MYR
2017-06-14,0.645,0.645,0.645,0.645,7700,MYR
2017-06-15,0.645,0.645,0.645,0.645,11000,MYR
2017-06-16,0.65,0.65,0.645,0.645,11000,MYR
2017-06-19,0.636,0.636,0.636,0.636,8800,MYR
2017-06-21,0.636,0.664,0.618,0.664,122650,MYR
2017-06-22,0.659,0.659,0.659,0.659,31900,MYR
2017-06-23,0.65,0.65,0.65,0.65,24200,MYR
2017-06-28,0.664,0.7,0.664,0.691,191950,MYR
2017-06-29,0.686,0.686,0.682,0.682,39380,MYR
2017-06-30,0.682,0.686,0.682,0.686,80300,MYR
2017-07-03,0.677,0.677,0.636,0.645,64240,MYR
2017-07-04,0.65,0.65,0.65,0.65,110,MYR
2017-07-05,0.645,0.645,0.645,0.645,60500,MYR
2017-07-06,0.664,0.682,0.645,0.673,22550,MYR
2017-07-07,0.641,0.668,0.641,0.668,35750,MYR
2017-07-11,0.641,0.645,0.636,0.641,91300,MYR
2017-07-14,0.641,0.641,0.636,0.636,39050,MYR
2017-07-17,0.636,0.636,0.636,0.636,5500,MYR
2017-07-18,0.654,0.668,0.654,0.668,49830,MYR
2017-07-19,0.668,0.668,0.668,0.668,105160,MYR
2017-07-20,0.668,0.673,0.668,0.673,34100,MYR
2017-07-21,0.673,0.732,0.673,0.718,250140,MYR
2017-07-24,0.718,0.732,0.709,0.709,124300,MYR
2017-07-26,0.696,0.723,0.682,0.723,38830,MYR
2017-07-27,0.709,0.718,0.682,0.696,49390,MYR
2017-07-28,0.696,0.696,0.696,0.696,1100,MYR
2017-07-31,0.7,0.7,0.686,0.691,15950,MYR
2017-08-01,0.686,0.686,0.686,0.686,22990,MYR
2017-08-03,0.682,0.682,0.673,0.682,52800,MYR
2017-08-04,0.677,0.677,0.677,0.677,5500,MYR
2017-08-07,0.714,0.736,0.714,0.736,139480,MYR
2017-08-08,0.727,0.741,0.709,0.723,112420,MYR
2017-08-09,0.682,0.682,0.682,0.682,110,MYR
2017-08-10,0.691,0.691,0.691,0.691,29810,MYR
2017-08-11,0.686,0.686,0.682,0.686,43670,MYR
2017-08-14,0.691,0.691,0.691,0.691,5500,MYR
2017-08-17,0.682,0.682,0.677,0.677,1100,MYR
2017-08-21,0.682,0.682,0.682,0.682,2750,MYR
2017-08-22,0.691,0.691,0.682,0.682,11000,MYR
2017-08-25,0.709,0.709,0.709,0.709,11000,MYR
2017-08-28,0.705,0.705,0.686,0.686,6600,MYR
2017-08-29,0.705,0.705,0.705,0.705,660,MYR
2017-08-30,0.705,0.705,0.705,0.705,16720,MYR
2017-09-06,0.696,0.718,0.691,0.718,22000,MYR
2017-09-07,0.718,0.718,0.718,0.718,18920,MYR
2017-09-08,0.718,0.718,0.718,0.718,21890,MYR
2017-09-11,0.741,0.746,0.727,0.727,77770,MYR
2017-09-12,0.736,0.736,0.732,0.732,30800,MYR
2017-09-18,0.732,0.736,0.723,0.736,41910,MYR
2017-09-19,0.718,0.718,0.718,0.718,11000,MYR
2017-09-21,0.723,0.723,0.718,0.718,30800,MYR
2017-09-25,0.718,0.727,0.718,0.718,12540,MYR
2017-09-27,0.723,0.727,0.723,0.727,14960,MYR
2017-09-28,0.727,0.727,0.727,0.727,2310,MYR
2017-09-29,0.723,0.723,0.723,0.723,6600,MYR
2017-10-03,0.718,0.718,0.718,0.718,6490,MYR
2017-10-04,0.718,0.718,0.718,0.718,6600,MYR
2017-10-05,0.718,0.732,0.718,0.723,89650,MYR
2017-10-10,0.718,0.718,0.709,0.709,49500,MYR
2017-10-11,0.709,0.714,0.682,0.709,58300,MYR
2017-10-12,0.682,0.682,0.682,0.682,5500,MYR
2017-10-13,0.682,0.682,0.682,0.682,16500,MYR
2017-10-17,0.691,0.7,0.677,0.677,71610,MYR
2017-10-19,0.691,0.691,0.691,0.691,22000,MYR
2017-10-23,0.682,0.682,0.682,0.682,2200,MYR
2017-11-03,0.673,0.718,0.673,0.718,2860,MYR
2017-11-06,0.727,0.727,0.727,0.727,5500,MYR
2017-11-07,0.691,0.691,0.691,0.691,1650,MYR
2017-11-09,0.696,0.714,0.696,0.714,7920,MYR
2017-11-10,0.691,0.691,0.677,0.677,4730,MYR
2017-11-13,0.655,0.655,0.655,0.655,5000,MYR
2017-11-20,0.65,0.65,0.64,0.64,13100,MYR
2017-11-21,0.655,0.66,0.645,0.66,12000,MYR
2017-11-22,0.645,0.645,0.64,0.64,13200,MYR
2017-11-28,0.63,0.63,0.63,0.63,600,MYR
2017-12-04,0.63,0.63,0.63,0.63,2900,MYR
2017-12-05,0.625,0.63,0.625,0.63,6000,MYR
2017-12-06,0.61,0.61,0.61,0.61,7800,MYR
2017-12-07,0.605,0.605,0.605,0.605,3900,MYR
2017-12-08,0.59,0.595,0.59,0.595,3000,MYR
2017-12-11,0.585,0.585,0.57,0.57,42500,MYR
2017-12-14,0.57,0.57,0.565,0.57,27700,MYR
2017-12-15,0.57,0.57,0.57,0.57,10000,MYR
2017-12-20,0.565,0.565,0.565,0.565,22000,MYR
2017-12-21,0.58,0.58,0.58,0.58,15500,MYR
2017-12-22,0.57,0.57,0.57,0.57,9900,MYR
2017-12-26,0.57,0.57,0.57,0.57,2400,MYR
2017-12-27,0.58,0.58,0.58,0.58,22000,MYR
2017-12-29,0.575,0.575,0.57,0.57,25100,MYR
2018-01-04,0.61,0.61,0.6,0.61,27600,MYR
2018-01-05,0.61,0.61,0.61,0.61,10000,MYR
2018-01-08,0.61,0.61,0.61,0.61,19800,MYR
2018-01-10,0.605,0.605,0.6,0.6,9900,MYR
2018-01-11,0.6,0.6,0.6,0.6,1100,MYR
2018-01-12,0.585,0.585,0.575,0.575,35900,MYR
2018-01-16,0.57,0.57,0.57,0.57,18000,MYR
2018-01-22,0.56,0.56,0.54,0.54,50800,MYR
2018-01-23,0.54,0.58,0.54,0.58,59500,MYR
2018-01-24,0.555,0.58,0.555,0.58,11100,MYR
2018-01-25,0.555,0.61,0.555,0.61,13200,MYR
2018-01-26,0.555,0.555,0.555,0.555,3000,MYR
2018-01-29,0.55,0.55,0.535,0.535,22000,MYR
2018-01-30,0.53,0.53,0.53,0.53,1000,MYR
2018-02-02,0.54,0.54,0.525,0.525,1100,MYR
2018-02-06,0.505,0.505,0.45,0.45,18100,MYR
2018-02-07,0.5,0.5,0.5,0.5,15400,MYR
2018-02-08,0.52,0.53,0.52,0.53,23000,MYR
2018-02-09,0.5,0.5,0.5,0.5,9000,MYR
2018-02-12,0.5,0.515,0.5,0.515,6000,MYR
2018-02-13,0.52,0.52,0.505,0.505,14300,MYR
2018-02-14,0.505,0.505,0.5,0.505,29100,MYR
2018-02-23,0.52,0.52,0.505,0.52,9100,MYR
2018-02-27,0.49,0.52,0.49,0.52,3000,MYR
2018-03-01,0.5,0.5,0.5,0.5,18600,MYR
2018-03-02,0.5,0.5,0.5,0.5,6500,MYR
2018-03-07,0.485,0.485,0.485,0.485,5000,MYR
2018-03-14,0.48,0.48,0.475,0.475,51000,MYR
2018-03-19,0.48,0.48,0.48,0.48,400,MYR
2018-03-22,0.48,0.48,0.47,0.47,24500,MYR
2018-03-26,0.455,0.48,0.455,0.48,37700,MYR
2018-03-28,0.48,0.48,0.475,0.475,72000,MYR
2018-03-29,0.475,0.475,0.475,0.475,75000,MYR
2018-03-30,0.475,0.475,0.475,0.475,7000,MYR
2018-04-03,0.48,0.48,0.47,0.475,55000,MYR
2018-04-04,0.475,0.475,0.475,0.475,73700,MYR
2018-04-06,0.475,0.475,0.475,0.475,17600,MYR
2018-04-18,0.49,0.49,0.48,0.48,5500,MYR
2018-04-23,0.475,0.475,0.475,0.475,2800,MYR
2018-04-24,0.5,0.5,0.5,0.5,5000,MYR
2018-04-26,0.5,0.5,0.5,0.5,11000,MYR
2018-05-04,0.49,0.49,0.485,0.485,11000,MYR
2018-05-07,0.485,0.485,0.485,0.485,1100,MYR
2018-05-08,0.49,0.52,0.49,0.52,3100,MYR
2018-05-14,0.485,0.485,0.485,0.485,50000,MYR
2018-05-24,0.49,0.54,0.49,0.535,11500,MYR
2018-05-25,0.49,0.49,0.49,0.49,11000,MYR
2018-05-30,0.49,0.49,0.49,0.49,62100,MYR
2018-05-31,0.49,0.49,0.49,0.49,5500,MYR
2018-06-01,0.5,0.5,0.495,0.495,17200,MYR
2018-06-05,0.495,0.495,0.495,0.495,1000,MYR
2018-06-06,0.5,0.5,0.5,0.5,9000,MYR
2018-06-07,0.495,0.495,0.495,0.495,45000,MYR
2018-06-11,0.5,0.5,0.5,0.5,1000,MYR
2018-06-12,0.495,0.495,0.495,0.495,67600,MYR
2018-06-14,0.5,0.5,0.5,0.5,47300,MYR
2018-06-18,0.495,0.495,0.495,0.495,22000,MYR
2018-06-19,0.495,0.495,0.495,0.495,4300,MYR
2018-06-21,0.495,0.495,0.495,0.495,2200,MYR
2018-06-27,0.495,0.495,0.49,0.49,22000,MYR
2018-06-29,0.5,0.5,0.495,0.495,74800,MYR
2018-07-02,0.5,0.5,0.5,0.5,13200,MYR
2018-07-03,0.495,0.495,0.49,0.49,20600,MYR
2018-07-04,0.51,0.51,0.51,0.51,10000,MYR
2018-07-06,0.49,0.49,0.49,0.49,4800,MYR
2018-07-09,0.49,0.49,0.49,0.49,10500,MYR
2018-07-11,0.5,0.5,0.5,0.5,33000,MYR
2018-07-13,0.49,0.49,0.49,0.49,28600,MYR
2018-07-16,0.49,0.49,0.49,0.49,10000,MYR
2018-07-19,0.49,0.49,0.49,0.49,1200,MYR
2018-07-23,0.49,0.49,0.49,0.49,11000,MYR
2018-07-25,0.495,0.495,0.495,0.495,100,MYR
2018-07-27,0.495,0.5,0.495,0.495,39000,MYR
2018-07-31,0.5,0.5,0.5,0.5,2500,MYR
2018-08-01,0.5,0.5,0.5,0.5,3100,MYR
2018-08-02,0.52,0.52,0.51,0.51,13000,MYR
2018-08-14,0.51,0.51,0.51,0.51,11000,MYR
2018-08-27,0.505,0.51,0.505,0.51,11000,MYR
2018-09-05,0.57,0.57,0.57,0.57,1200,MYR
2018-09-06,0.6,0.6,0.6,0.6,300,MYR
2018-09-14,0.51,0.58,0.51,0.53,21500,MYR
2018-09-19,0.51,0.51,0.505,0.505,11400,MYR
2018-09-20,0.51,0.51,0.51,0.51,300,MYR
2018-09-25,0.505,0.505,0.505,0.505,7700,MYR
2018-09-26,0.505,0.53,0.505,0.53,23000,MYR
2018-10-01,0.51,0.51,0.51,0.51,5500,MYR
2018-10-03,0.51,0.52,0.51,0.515,16200,MYR
2018-10-05,0.555,0.555,0.555,0.555,2000,MYR
2018-10-08,0.565,0.565,0.565,0.565,3000,MYR
2018-10-10,0.52,0.54,0.52,0.53,11500,MYR
2018-10-11,0.51,0.51,0.5,0.5,22000,MYR
2018-10-12,0.5,0.5,0.5,0.5,3000,MYR
2018-10-19,0.51,0.51,0.5,0.5,19800,MYR
2018-10-23,0.52,0.52,0.5,0.5,11500,MYR
2018-10-24,0.5,0.5,0.5,0.5,40000,MYR
2018-10-25,0.5,0.53,0.5,0.53,31800,MYR
2018-10-26,0.5,0.53,0.5,0.5,88200,MYR
2018-10-29,0.49,0.49,0.49,0.49,1500,MYR
2018-10-30,0.49,0.49,0.49,0.49,700,MYR
2018-11-01,0.49,0.49,0.49,0.49,11000,MYR
2018-11-07,0.49,0.49,0.49,0.49,7200,MYR
2018-11-14,0.56,0.56,0.56,0.56,35100,MYR
2018-11-15,0.56,0.58,0.56,0.58,13400,MYR
2018-11-26,0.515,0.515,0.515,0.515,3000,MYR
2018-12-03,0.51,0.51,0.51,0.51,13100,MYR
2018-12-11,0.505,0.505,0.505,0.505,1100,MYR
2018-12-12,0.505,0.505,0.5,0.5,29900,MYR
2018-12-13,0.5,0.5,0.5,0.5,92300,MYR
2018-12-14,0.5,0.505,0.5,0.5,62200,MYR
2018-12-17,0.5,0.5,0.5,0.5,4800,MYR
2018-12-20,0.53,0.53,0.53,0.53,5200,MYR
2019-01-03,0.545,0.56,0.49,0.49,15100,MYR
2019-01-04,0.51,0.51,0.51,0.51,600,MYR
2019-01-14,0.49,0.53,0.485,0.53,31000,MYR
2019-01-17,0.53,0.53,0.53,0.53,4900,MYR
2019-02-19,0.6,0.6,0.6,0.6,5100,MYR
2019-02-20,0.63,0.63,0.63,0.63,1000,MYR
2019-03-11,0.625,0.625,0.625,0.625,100,MYR
2019-03-29,0.515,0.575,0.5,0.57,70400,MYR
2019-04-02,0.51,0.55,0.51,0.55,10500,MYR
2019-04-05,0.54,0.56,0.54,0.56,10400,MYR
2019-04-09,0.56,0.61,0.56,0.61,26500,MYR
2019-04-12,0.535,0.56,0.53,0.56,23500,MYR
2019-04-15,0.555,0.555,0.515,0.515,11000,MYR
2019-04-19,0.55,0.56,0.55,0.56,6000,MYR
2019-04-23,0.52,0.52,0.52,0.52,10000,MYR
2019-04-25,0.525,0.525,0.52,0.52,13000,MYR
2019-04-26,0.56,0.56,0.525,0.525,6000,MYR
2019-05-02,0.52,0.52,0.52,0.52,2500,MYR
2019-05-06,0.52,0.52,0.52,0.52,5000,MYR
2019-05-07,0.515,0.515,0.515,0.515,200,MYR
2019-05-08,0.515,0.515,0.515,0.515,10000,MYR
2019-05-13,0.51,0.51,0.5,0.5,15800,MYR
2019-05-14,0.5,0.5,0.5,0.5,7000,MYR
2019-05-15,0.565,0.565,0.565,0.565,10000,MYR
2019-05-16,0.51,0.54,0.51,0.54,22000,MYR
2019-05-21,0.505,0.505,0.5,0.5,10000,MYR
2019-05-23,0.5,0.5,0.5,0.5,5500,MYR
2019-05-27,0.52,0.52,0.52,0.52,5000,MYR
2019-06-03,0.485,0.485,0.485,0.485,2000,MYR
2019-06-04,0.52,0.52,0.52,0.52,100,MYR
2019-06-07,0.48,0.48,0.48,0.48,2000,MYR
2019-06-10,0.52,0.52,0.49,0.49,13100,MYR
2019-06-12,0.51,0.52,0.51,0.52,8000,MYR
2019-06-13,0.52,0.52,0.52,0.52,8000,MYR
2019-06-19,0.485,0.485,0.48,0.48,11000,MYR
2019-06-21,0.52,0.52,0.52,0.52,7000,MYR
2019-06-26,0.52,0.52,0.52,0.52,5000,MYR
2019-07-03,0.495,0.495,0.495,0.495,1100,MYR
2019-07-05,0.51,0.51,0.51,0.51,5000,MYR
2019-07-11,0.52,0.52,0.52,0.52,21000,MYR
2019-07-12,0.52,0.52,0.52,0.52,5000,MYR
2019-07-15,0.515,0.515,0.49,0.49,9400,MYR
2019-07-22,0.49,0.52,0.49,0.52,1700,MYR
2019-07-23,0.5,0.5,0.49,0.49,30000,MYR
2019-07-24,0.5,0.55,0.5,0.525,47600,MYR
2019-07-26,0.495,0.495,0.495,0.495,6600,MYR
2019-07-29,0.49,0.515,0.49,0.51,54200,MYR
2019-07-31,0.51,0.51,0.51,0.51,48000,MYR
2019-08-01,0.51,0.51,0.51,0.51,11000,MYR
2019-08-14,0.51,0.51,0.51,0.51,4400,MYR
2019-08-15,0.49,0.49,0.49,0.49,10600,MYR
2019-08-26,0.49,0.49,0.49,0.49,10000,MYR
2019-08-29,0.51,0.51,0.51,0.51,11000,MYR
2019-08-30,0.49,0.49,0.49,0.49,100,MYR
2019-09-03,0.5,0.5,0.49,0.49,26600,MYR
2019-09-04,0.48,0.48,0.48,0.48,900,MYR
2019-09-10,0.5,0.5,0.48,0.49,10300,MYR
2019-09-11,0.5,0.5,0.5,0.5,19500,MYR
2019-09-20,0.5,0.51,0.5,0.51,49700,MYR
2019-09-23,0.51,0.51,0.51,0.51,200,MYR
2019-09-24,0.51,0.51,0.51,0.51,3300,MYR
2019-09-30,0.52,0.52,0.5,0.5,300,MYR
2019-10-02,0.5,0.5,0.485,0.485,600,MYR
2019-10-03,0.51,0.51,0.505,0.505,11100,MYR
2019-10-07,0.55,0.55,0.55,0.55,6000,MYR
2019-10-08,0.5,0.5,0.5,0.5,100,MYR
2019-10-10,0.48,0.5,0.48,0.5,13100,MYR
2019-10-11,0.485,0.485,0.485,0.485,7000,MYR
2019-10-30,0.475,0.475,0.475,0.475,10000,MYR
2019-11-04,0.475,0.545,0.475,0.545,13100,MYR
2019-11-05,0.465,0.5,0.465,0.5,17800,MYR
2019-11-06,0.475,0.475,0.475,0.475,22000,MYR
2019-11-07,0.47,0.475,0.465,0.465,164000,MYR
2019-11-08,0.465,0.49,0.465,0.49,24000,MYR
2019-11-15,0.49,0.49,0.49,0.49,9300,MYR
2019-12-10,0.465,0.465,0.465,0.465,2000,MYR
2019-12-11,0.465,0.48,0.465,0.465,3900,MYR
2019-12-26,0.46,0.46,0.46,0.46,2200,MYR
2019-12-27,0.465,0.5,0.46,0.5,34600,MYR
2019-12-30,0.465,0.465,0.465,0.465,4400,MYR
2019-12-31,0.5,0.5,0.5,0.5,1500,MYR
2020-01-02,0.5,0.5,0.495,0.495,13000,MYR
2020-01-03,0.5,0.5,0.475,0.495,17400,MYR
2020-01-06,0.495,0.495,0.495,0.495,5400,MYR
2020-01-09,0.49,0.49,0.49,0.49,5000,MYR
2020-01-10,0.47,0.5,0.465,0.5,21200,MYR
2020-01-14,0.475,0.5,0.465,0.5,27300,MYR
2020-01-17,0.465,0.465,0.46,0.46,5500,MYR
2020-01-21,0.465,0.5,0.465,0.5,12700,MYR
2020-01-22,0.475,0.5,0.475,0.5,4200,MYR
2020-01-30,0.455,0.455,0.45,0.45,12100,MYR
2020-01-31,0.46,0.46,0.46,0.46,5000,MYR
2020-02-06,0.44,0.44,0.43,0.43,17000,MYR
2020-02-07,0.435,0.435,0.435,0.435,2200,MYR
2020-02-11,0.44,0.445,0.44,0.445,8800,MYR
2020-03-09,0.4,0.4,0.4,0.4,100,MYR
2020-03-13,0.355,0.355,0.355,0.355,2200,MYR
2020-03-16,0.33,0.33,0.27,0.27,43500,MYR
2020-03-18,0.27,0.27,0.27,0.27,2000,MYR
2020-04-10,0.33,0.33,0.28,0.28,14000,MYR
2020-04-20,0.35,0.35,0.35,0.35,6000,MYR
2020-04-21,0.36,0.36,0.36,0.36,5500,MYR
2020-04-22,0.32,0.32,0.32,0.32,5500,MYR
2020-04-28,0.34,0.34,0.32,0.32,31000,MYR
2020-04-30,0.32,0.32,0.32,0.32,11000,MYR
2020-05-05,0.325,0.325,0.325,0.325,10000,MYR
2020-05-08,0.32,0.32,0.32,0.32,3000,MYR
2020-05-12,0.33,0.33,0.33,0.33,55000,MYR
2020-05-13,0.36,0.36,0.36,0.36,57000,MYR
2020-05-19,0.355,0.36,0.355,0.36,12700,MYR
2020-05-21,0.36,0.36,0.36,0.36,26000,MYR
2020-05-27,0.36,0.36,0.36,0.36,38000,MYR
2020-05-29,0.36,0.36,0.36,0.36,5000,MYR
2020-06-01,0.4,0.4,0.36,0.4,48900,MYR
2020-06-04,0.37,0.37,0.37,0.37,10000,MYR
2020-06-05,0.38,0.38,0.36,0.36,17100,MYR
2020-06-09,0.36,0.36,0.36,0.36,11000,MYR
2020-06-11,0.37,0.4,0.37,0.4,15000,MYR
2020-06-15,0.365,0.4,0.365,0.4,6500,MYR
2020-06-18,0.38,0.38,0.38,0.38,2900,MYR
2020-06-23,0.36,0.38,0.36,0.38,3300,MYR
2020-06-26,0.37,0.38,0.36,0.38,71200,MYR
2020-06-29,0.37,0.37,0.37,0.37,10500,MYR
2020-06-30,0.4,0.4,0.4,0.4,17000,MYR
2020-07-02,0.375,0.39,0.37,0.39,10500,MYR
2020-07-03,0.365,0.39,0.365,0.39,19500,MYR
2020-07-06,0.375,0.4,0.375,0.4,5500,MYR
2020-07-07,0.4,0.4,0.4,0.4,5000,MYR
2020-07-08,0.4,0.4,0.4,0.4,4000,MYR
2020-07-09,0.4,0.4,0.4,0.4,17400,MYR
2020-07-15,0.4,0.4,0.4,0.4,3000,MYR
2020-07-16,0.4,0.4,0.4,0.4,7000,MYR
2020-07-27,0.4,0.41,0.4,0.41,20000,MYR
2020-08-05,0.41,0.41,0.41,0.41,100000,MYR
2020-08-06,0.38,0.38,0.38,0.38,12200,MYR
2020-08-07,0.385,0.45,0.385,0.45,10300,MYR
2020-08-10,0.45,0.45,0.38,0.445,38400,MYR
2020-08-11,0.385,0.385,0.385,0.385,1000,MYR
2020-08-14,0.385,0.44,0.385,0.435,29200,MYR
2020-08-17,0.435,0.445,0.435,0.445,15000,MYR
2020-08-18,0.44,0.44,0.43,0.435,37000,MYR
2020-08-24,0.435,0.445,0.4,0.445,11700,MYR
2020-08-25,0.39,0.415,0.39,0.415,21000,MYR
2020-09-01,0.415,0.415,0.415,0.415,2600,MYR
2020-09-02,0.415,0.42,0.4,0.42,23200,MYR
2020-09-07,0.42,0.42,0.42,0.42,10000,MYR
2020-09-09,0.41,0.44,0.41,0.44,10200,MYR
2020-09-15,0.44,0.45,0.44,0.45,20000,MYR
2020-09-17,0.44,0.44,0.44,0.44,100,MYR
2020-09-18,0.4,0.48,0.4,0.47,6500,MYR
2020-09-21,0.44,0.47,0.44,0.47,19000,MYR
2020-09-22,0.44,0.44,0.44,0.44,5000,MYR
2020-09-23,0.45,0.45,0.45,0.45,3000,MYR
2020-09-24,0.47,0.47,0.47,0.47,100,MYR
2020-09-28,0.47,0.5,0.46,0.5,21900,MYR
2020-09-29,0.5,0.5,0.48,0.48,91000,MYR
2020-09-30,0.475,0.475,0.47,0.47,9000,MYR
2020-10-06,0.495,0.495,0.495,0.495,100,MYR
2020-10-08,0.48,0.48,0.48,0.48,10000,MYR
2020-10-09,0.44,0.5,0.44,0.5,9800,MYR
2020-10-14,0.45,0.45,0.445,0.445,20400,MYR
2020-10-15,0.445,0.475,0.44,0.475,10300,MYR
2020-10-16,0.45,0.45,0.45,0.45,14300,MYR
2020-10-19,0.44,0.47,0.44,0.47,2500,MYR
2020-10-20,0.44,0.47,0.44,0.47,5100,MYR
2020-10-21,0.44,0.47,0.44,0.47,14500,MYR
2020-10-22,0.44,0.44,0.44,0.44,5600,MYR
2020-10-23,0.44,0.5,0.44,0.5,9900,MYR
2020-10-26,0.49,0.49,0.46,0.46,8800,MYR
2020-10-28,0.46,0.46,0.46,0.46,5000,MYR
2020-10-30,0.5,0.5,0.46,0.48,58100,MYR
2020-11-02,0.475,0.475,0.46,0.46,28000,MYR
2020-11-10,0.46,0.46,0.46,0.46,100,MYR
2020-11-11,0.49,0.49,0.49,0.49,10000,MYR
2020-11-12,0.49,0.495,0.48,0.495,53700,MYR
2020-11-13,0.495,0.615,0.495,0.585,474200,MYR
2020-11-16,0.595,0.64,0.595,0.615,442600,MYR
2020-11-17,0.63,0.63,0.53,0.58,111600,MYR
2020-11-18,0.59,0.595,0.56,0.565,73000,MYR
2020-11-19,0.56,0.56,0.55,0.55,17300,MYR
2020-11-20,0.565,0.565,0.565,0.565,28000,MYR
2020-11-23,0.565,0.565,0.545,0.545,63800,MYR
2020-11-24,0.545,0.545,0.545,0.545,4000,MYR
2020-11-25,0.545,0.6,0.535,0.54,104500,MYR
2020-11-26,0.53,0.54,0.53,0.54,24000,MYR
2020-11-27,0.53,0.575,0.525,0.575,46900,MYR
2020-11-30,0.53,0.55,0.53,0.535,150900,MYR
2020-12-02,0.535,0.58,0.53,0.58,62100,MYR
2020-12-03,0.6,0.6,0.54,0.585,73200,MYR
2020-12-04,0.56,0.585,0.56,0.58,31100,MYR
2020-12-07,0.555,0.565,0.55,0.565,36000,MYR
2020-12-08,0.555,0.585,0.555,0.585,31200,MYR
2020-12-09,0.565,0.59,0.56,0.59,46400,MYR
2020-12-10,0.59,0.59,0.56,0.56,23200,MYR
2020-12-11,0.56,0.57,0.56,0.57,19300,MYR
2020-12-14,0.565,0.57,0.55,0.57,40900,MYR
2020-12-15,0.555,0.575,0.555,0.575,3700,MYR
2020-12-16,0.555,0.57,0.55,0.57,30200,MYR
2020-12-17,0.56,0.56,0.56,0.56,9300,MYR
2020-12-18,0.56,0.56,0.54,0.555,22400,MYR
2020-12-21,0.6,0.63,0.57,0.58,176700,MYR
2020-12-22,0.53,0.575,0.53,0.575,5200,MYR
2020-12-23,0.575,0.575,0.575,0.575,4800,MYR
2020-12-29,0.57,0.585,0.56,0.57,56100,MYR
2020-12-30,0.57,0.59,0.57,0.585,48800,MYR
2020-12-31,0.59,0.745,0.59,0.715,2953500,MYR
2021-01-04,0.73,0.73,0.66,0.66,438300,MYR
2021-01-05,0.655,0.67,0.635,0.655,99500,MYR
2021-01-06,0.655,0.655,0.6,0.625,182400,MYR
2021-01-07,0.61,0.63,0.59,0.63,202500,MYR
2021-01-08,0.595,0.63,0.585,0.585,145300,MYR
2021-01-11,0.585,0.595,0.575,0.585,107100,MYR
2021-01-12,0.57,0.65,0.57,0.625,21169,MYR
2021-01-13,0.625,0.64,0.615,0.615,64200,MYR
2021-01-14,0.615,0.615,0.615,0.615,1200,MYR
2021-01-15,0.615,0.625,0.615,0.62,55440,MYR
2021-01-18,0.615,0.72,0.615,0.695,707000,MYR
2021-01-19,0.7,0.71,0.645,0.66,277500,MYR
2021-01-20,0.65,0.685,0.635,0.685,70100,MYR
2021-01-21,0.68,0.695,0.68,0.695,35600,MYR
2021-01-22,0.7,0.7,0.65,0.69,33500,MYR
2021-01-25,0.65,0.65,0.645,0.645,36100,MYR
2021-01-26,0.64,0.64,0.635,0.635,44800,MYR
2021-01-27,0.63,0.67,0.62,0.67,47890,MYR
2021-01-29,0.0,0.0,0.0,0.67,0,MYR
